1thExec, 2thExec, 3rdExec, 4thExec, 5thExec
533.651683, 1327.408783, 710.817947, 537.508564, 3241.189073


1thExec, 2thExec, 3rdExec, 4thExec, 5thExec
563.855710, 549.319983, 