1thExec, 2thExec, 3rdExec, 4thExec, 5thExec
5.346788, 5.276265, 5.235354, 5.263731, 5.313036
